-- P1-2 dev seed (committed, PUBLIC repo). Structure (OD-P1-5) + fictional dev people (OD-P1-6).
-- Real names/emails ONLY via the gitignored deploy seed (supabase/README.md). NEVER add real PII here.
-- Fixed UUIDs so tests/fixtures can reference them deterministically.

-- The single org (OD-P1-1).
insert into shared.orgs (id, name, slug) values
  ('10000000-0000-0000-0000-000000000001', 'Gordi', 'gordi')
on conflict (id) do nothing;

-- The five real business units (OD-P1-5).
insert into shared.business_units (id, org_id, name) values
  ('20000000-0000-0000-0000-000000000001', '10000000-0000-0000-0000-000000000001', 'Cafe Ops – General'),
  ('20000000-0000-0000-0000-000000000002', '10000000-0000-0000-0000-000000000001', 'Kitchen and Bar'),
  ('20000000-0000-0000-0000-000000000003', '10000000-0000-0000-0000-000000000001', 'Roastery'),
  ('20000000-0000-0000-0000-000000000004', '10000000-0000-0000-0000-000000000001', 'Sales – CRM'),
  ('20000000-0000-0000-0000-000000000005', '10000000-0000-0000-0000-000000000001', 'Finance and People')
on conflict (id) do nothing;

-- Placeholder role tree: one org-lead role (no reports_to) + one lead role per unit reporting to it.
insert into shared.roles (id, org_id, business_unit_id, name, reports_to_role_id) values
  ('30000000-0000-0000-0000-000000000000', '10000000-0000-0000-0000-000000000001', null,                                   'Managing Director', null),
  ('30000000-0000-0000-0000-000000000001', '10000000-0000-0000-0000-000000000001', '20000000-0000-0000-0000-000000000001', 'Cafe Ops Lead',     '30000000-0000-0000-0000-000000000000'),
  ('30000000-0000-0000-0000-000000000002', '10000000-0000-0000-0000-000000000001', '20000000-0000-0000-0000-000000000002', 'Kitchen Lead',      '30000000-0000-0000-0000-000000000000'),
  ('30000000-0000-0000-0000-000000000003', '10000000-0000-0000-0000-000000000001', '20000000-0000-0000-0000-000000000003', 'Roastery Lead',     '30000000-0000-0000-0000-000000000000'),
  ('30000000-0000-0000-0000-000000000004', '10000000-0000-0000-0000-000000000001', '20000000-0000-0000-0000-000000000004', 'Sales Lead',        '30000000-0000-0000-0000-000000000000'),
  ('30000000-0000-0000-0000-000000000005', '10000000-0000-0000-0000-000000000001', '20000000-0000-0000-0000-000000000005', 'Finance Lead',      '30000000-0000-0000-0000-000000000000')
on conflict (id) do nothing;

-- Fictional canon dev people (OD-P1-6). No auth link (user_id NULL) — provisioned in Phase 1.3.
insert into shared.people (id, org_id, full_name, email) values
  ('40000000-0000-0000-0000-000000000000', '10000000-0000-0000-0000-000000000001', 'Dewi Director',  'dewi.dev@example.test'),
  ('40000000-0000-0000-0000-000000000001', '10000000-0000-0000-0000-000000000001', 'Cahya Cafe',     'cahya.dev@example.test'),
  ('40000000-0000-0000-0000-000000000002', '10000000-0000-0000-0000-000000000001', 'Krishna Kitchen','krishna.dev@example.test'),
  ('40000000-0000-0000-0000-000000000003', '10000000-0000-0000-0000-000000000001', 'Rama Roastery',  'rama.dev@example.test'),
  ('40000000-0000-0000-0000-000000000004', '10000000-0000-0000-0000-000000000001', 'Sari Sales',     'sari.dev@example.test'),
  ('40000000-0000-0000-0000-000000000005', '10000000-0000-0000-0000-000000000001', 'Fitri Finance',  'fitri.dev@example.test')
on conflict (id) do nothing;

-- Role assignments: director holds the MD role; each lead holds their unit lead role.
-- Cahya is dual-hatted (Cafe Ops + Sales) to exercise the union manager chain in dev.
insert into shared.person_roles (org_id, person_id, role_id) values
  ('10000000-0000-0000-0000-000000000001', '40000000-0000-0000-0000-000000000000', '30000000-0000-0000-0000-000000000000'),
  ('10000000-0000-0000-0000-000000000001', '40000000-0000-0000-0000-000000000001', '30000000-0000-0000-0000-000000000001'),
  ('10000000-0000-0000-0000-000000000001', '40000000-0000-0000-0000-000000000001', '30000000-0000-0000-0000-000000000004'),
  ('10000000-0000-0000-0000-000000000001', '40000000-0000-0000-0000-000000000002', '30000000-0000-0000-0000-000000000002'),
  ('10000000-0000-0000-0000-000000000001', '40000000-0000-0000-0000-000000000003', '30000000-0000-0000-0000-000000000003'),
  ('10000000-0000-0000-0000-000000000001', '40000000-0000-0000-0000-000000000005', '30000000-0000-0000-0000-000000000005')
on conflict (person_id, role_id) do nothing;

-- Access-role assignments (ADR-0011 D5 / OD-P4-4). Owner stand-in (Dewi) -> admin; everyone else ->
-- member (the default). Real roster admin/ops_lead/finance lands via the gitignored deploy seed
-- (OD-P1-6) at the provisioning slice. granted_by is NULL for these seed rows (no granting person:
-- under the seed/service-role connection current_person_id() is NULL). All six rows use the Gordi org.
insert into shared.person_access_roles (org_id, person_id, access_role) values
  ('10000000-0000-0000-0000-000000000001', '40000000-0000-0000-0000-000000000000', 'admin'),
  ('10000000-0000-0000-0000-000000000001', '40000000-0000-0000-0000-000000000001', 'member'),
  ('10000000-0000-0000-0000-000000000001', '40000000-0000-0000-0000-000000000002', 'member'),
  ('10000000-0000-0000-0000-000000000001', '40000000-0000-0000-0000-000000000003', 'member'),
  ('10000000-0000-0000-0000-000000000001', '40000000-0000-0000-0000-000000000004', 'member'),
  ('10000000-0000-0000-0000-000000000001', '40000000-0000-0000-0000-000000000005', 'member')
on conflict (person_id, access_role) do nothing;

-- Kitchen WIP items — the REAL Gordi roster (the 32 dishes from the old kitchen app's
-- scripts/seed_wip_items.py: 16 CREATE + 16 REUSE). Names are parity; category/ESB IDs are
-- populated by the ESB push flow later (none in the Teable source), so left null here. Gordi org.
insert into ops.wip_items (id, org_id, name) values
  ('a1100000-0000-0000-0000-000000000001', '10000000-0000-0000-0000-000000000001', 'Nasi Putih'),
  ('a1100000-0000-0000-0000-000000000002', '10000000-0000-0000-0000-000000000001', 'Risoles Beef Mayo'),
  ('a1100000-0000-0000-0000-000000000003', '10000000-0000-0000-0000-000000000001', 'Bakwan Sayur'),
  ('a1100000-0000-0000-0000-000000000004', '10000000-0000-0000-0000-000000000001', 'Oseng Bakso'),
  ('a1100000-0000-0000-0000-000000000005', '10000000-0000-0000-0000-000000000001', 'Lontong Sayur'),
  ('a1100000-0000-0000-0000-000000000006', '10000000-0000-0000-0000-000000000001', 'Ayam Gulai'),
  ('a1100000-0000-0000-0000-000000000007', '10000000-0000-0000-0000-000000000001', 'Pisang Goreng'),
  ('a1100000-0000-0000-0000-000000000008', '10000000-0000-0000-0000-000000000001', 'Singkong Goreng'),
  ('a1100000-0000-0000-0000-000000000009', '10000000-0000-0000-0000-000000000001', 'Tongkol Sambal Matah'),
  ('a1100000-0000-0000-0000-00000000000a', '10000000-0000-0000-0000-000000000001', 'Kaya Toast'),
  ('a1100000-0000-0000-0000-00000000000b', '10000000-0000-0000-0000-000000000001', 'Cumi Cabe Ijo'),
  ('a1100000-0000-0000-0000-00000000000c', '10000000-0000-0000-0000-000000000001', 'Ayam Garang Asem'),
  ('a1100000-0000-0000-0000-00000000000d', '10000000-0000-0000-0000-000000000001', 'Bakwan Jagung'),
  ('a1100000-0000-0000-0000-00000000000e', '10000000-0000-0000-0000-000000000001', 'Sosis Solo'),
  ('a1100000-0000-0000-0000-00000000000f', '10000000-0000-0000-0000-000000000001', 'Tape Goreng'),
  ('a1100000-0000-0000-0000-000000000010', '10000000-0000-0000-0000-000000000001', 'Arem Arem'),
  ('a1100000-0000-0000-0000-000000000011', '10000000-0000-0000-0000-000000000001', 'Tumis Buncis'),
  ('a1100000-0000-0000-0000-000000000012', '10000000-0000-0000-0000-000000000001', 'Orek Tempe'),
  ('a1100000-0000-0000-0000-000000000013', '10000000-0000-0000-0000-000000000001', 'Tumis Daun Singkong'),
  ('a1100000-0000-0000-0000-000000000014', '10000000-0000-0000-0000-000000000001', 'Semur Telur'),
  ('a1100000-0000-0000-0000-000000000015', '10000000-0000-0000-0000-000000000001', 'Ayam Suwir'),
  ('a1100000-0000-0000-0000-000000000016', '10000000-0000-0000-0000-000000000001', 'Ayam Woku'),
  ('a1100000-0000-0000-0000-000000000017', '10000000-0000-0000-0000-000000000001', 'Kentang Balado'),
  ('a1100000-0000-0000-0000-000000000018', '10000000-0000-0000-0000-000000000001', 'Sayur Lodeh'),
  ('a1100000-0000-0000-0000-000000000019', '10000000-0000-0000-0000-000000000001', 'Sambal Merah'),
  ('a1100000-0000-0000-0000-00000000001a', '10000000-0000-0000-0000-000000000001', 'Teri Kacang'),
  ('a1100000-0000-0000-0000-00000000001b', '10000000-0000-0000-0000-000000000001', 'Semur Tahu'),
  ('a1100000-0000-0000-0000-00000000001c', '10000000-0000-0000-0000-000000000001', 'Kentang Mustofa'),
  ('a1100000-0000-0000-0000-00000000001d', '10000000-0000-0000-0000-000000000001', 'Sayur Asem'),
  ('a1100000-0000-0000-0000-00000000001e', '10000000-0000-0000-0000-000000000001', 'Terong Balado'),
  ('a1100000-0000-0000-0000-00000000001f', '10000000-0000-0000-0000-000000000001', 'Ayam Goreng Lengkuas'),
  ('a1100000-0000-0000-0000-000000000020', '10000000-0000-0000-0000-000000000001', 'Balado Cumi Asin')
on conflict (id) do nothing;

-- A sample plan for "today" so the Plan editor / pesanan horizon + the Log variance gate have
-- context in local dev (plan_by = Krishna, the Kitchen Lead). Stock auto-computes from approved logs.
insert into ops.kitchen_plans (org_id, log_date, wip_item_id, action_type, qty_porsi, plan_by) values
  ('10000000-0000-0000-0000-000000000001', current_date, 'a1100000-0000-0000-0000-000000000001', 'Production', 50, '40000000-0000-0000-0000-000000000002'),
  ('10000000-0000-0000-0000-000000000001', current_date, 'a1100000-0000-0000-0000-000000000002', 'Production', 30, '40000000-0000-0000-0000-000000000002'),
  ('10000000-0000-0000-0000-000000000001', current_date, 'a1100000-0000-0000-0000-000000000006', 'Production', 25, '40000000-0000-0000-0000-000000000002')
on conflict (org_id, log_date, wip_item_id, action_type) do nothing;
