-- P1-2 dev seed (committed, PUBLIC repo). Structure (OD-P1-5) + fictional dev people (OD-P1-6).
-- Real names/emails ONLY via the gitignored deploy seed (supabase/README.md). NEVER add real PII here.
-- Fixed UUIDs so tests/fixtures can reference them deterministically.

-- The single org (OD-P1-1).
insert into shared.orgs (id, name, slug) values
  ('10000000-0000-0000-0000-000000000001', 'Gordi', 'gordi')
on conflict (id) do nothing;

-- The five real business units (OD-P1-5).
insert into shared.business_units (id, org_id, name) values
  ('20000000-0000-0000-0000-000000000001', '10000000-0000-0000-0000-000000000001', 'Cafe Ops – General'),
  ('20000000-0000-0000-0000-000000000002', '10000000-0000-0000-0000-000000000001', 'Kitchen and Bar'),
  ('20000000-0000-0000-0000-000000000003', '10000000-0000-0000-0000-000000000001', 'Roastery'),
  ('20000000-0000-0000-0000-000000000004', '10000000-0000-0000-0000-000000000001', 'Sales – CRM'),
  ('20000000-0000-0000-0000-000000000005', '10000000-0000-0000-0000-000000000001', 'Finance and People')
on conflict (id) do nothing;

-- Placeholder role tree: one org-lead role (no reports_to) + one lead role per unit reporting to it.
insert into shared.roles (id, org_id, business_unit_id, name, reports_to_role_id) values
  ('30000000-0000-0000-0000-000000000000', '10000000-0000-0000-0000-000000000001', null,                                   'Managing Director', null),
  ('30000000-0000-0000-0000-000000000001', '10000000-0000-0000-0000-000000000001', '20000000-0000-0000-0000-000000000001', 'Cafe Ops Lead',     '30000000-0000-0000-0000-000000000000'),
  ('30000000-0000-0000-0000-000000000002', '10000000-0000-0000-0000-000000000001', '20000000-0000-0000-0000-000000000002', 'Kitchen Lead',      '30000000-0000-0000-0000-000000000000'),
  ('30000000-0000-0000-0000-000000000003', '10000000-0000-0000-0000-000000000001', '20000000-0000-0000-0000-000000000003', 'Roastery Lead',     '30000000-0000-0000-0000-000000000000'),
  ('30000000-0000-0000-0000-000000000004', '10000000-0000-0000-0000-000000000001', '20000000-0000-0000-0000-000000000004', 'Sales Lead',        '30000000-0000-0000-0000-000000000000'),
  ('30000000-0000-0000-0000-000000000005', '10000000-0000-0000-0000-000000000001', '20000000-0000-0000-0000-000000000005', 'Finance Lead',      '30000000-0000-0000-0000-000000000000')
on conflict (id) do nothing;

-- Fictional canon dev people (OD-P1-6). No auth link (user_id NULL) — provisioned in Phase 1.3.
insert into shared.people (id, org_id, full_name, email) values
  ('40000000-0000-0000-0000-000000000000', '10000000-0000-0000-0000-000000000001', 'Dewi Director',  'dewi.dev@example.test'),
  ('40000000-0000-0000-0000-000000000001', '10000000-0000-0000-0000-000000000001', 'Cahya Cafe',     'cahya.dev@example.test'),
  ('40000000-0000-0000-0000-000000000002', '10000000-0000-0000-0000-000000000001', 'Krishna Kitchen','krishna.dev@example.test'),
  ('40000000-0000-0000-0000-000000000003', '10000000-0000-0000-0000-000000000001', 'Rama Roastery',  'rama.dev@example.test'),
  ('40000000-0000-0000-0000-000000000004', '10000000-0000-0000-0000-000000000001', 'Sari Sales',     'sari.dev@example.test'),
  ('40000000-0000-0000-0000-000000000005', '10000000-0000-0000-0000-000000000001', 'Fitri Finance',  'fitri.dev@example.test')
on conflict (id) do nothing;

-- Role assignments: director holds the MD role; each lead holds their unit lead role.
-- Cahya is dual-hatted (Cafe Ops + Sales) to exercise the union manager chain in dev.
insert into shared.person_roles (org_id, person_id, role_id) values
  ('10000000-0000-0000-0000-000000000001', '40000000-0000-0000-0000-000000000000', '30000000-0000-0000-0000-000000000000'),
  ('10000000-0000-0000-0000-000000000001', '40000000-0000-0000-0000-000000000001', '30000000-0000-0000-0000-000000000001'),
  ('10000000-0000-0000-0000-000000000001', '40000000-0000-0000-0000-000000000001', '30000000-0000-0000-0000-000000000004'),
  ('10000000-0000-0000-0000-000000000001', '40000000-0000-0000-0000-000000000002', '30000000-0000-0000-0000-000000000002'),
  ('10000000-0000-0000-0000-000000000001', '40000000-0000-0000-0000-000000000003', '30000000-0000-0000-0000-000000000003'),
  ('10000000-0000-0000-0000-000000000001', '40000000-0000-0000-0000-000000000005', '30000000-0000-0000-0000-000000000005')
on conflict (person_id, role_id) do nothing;
